url,name,address,city,state,phone
https://www.richwightman.com/,Results,"îƒˆ1301 S Jones Blvd, Las Vegas, NV 89146",Las Vegas,NV,î‚°(702) 878-0959
https://www.lvcpas.com/,Results,"îƒˆ7881 W Charleston Blvd Unit 155, Las Vegas, NV 89117",Las Vegas,NV,î‚°(702) 871-2727
https://adamhodsoncpa.com/,Results,"îƒˆ3438 N Buffalo Dr, Las Vegas, NV 89129",Las Vegas,NV,î‚°(702) 368-1120
http://www.sanfordcpa.com/,Results,"îƒˆ801 S Rancho Dr B1-A, Las Vegas, NV 89106",Las Vegas,NV,î‚°(702) 382-1141
http://www.yournevadacpa.com/,Results,"îƒˆ6920 S Cimarron Rd Ste 100, Las Vegas, NV 89113",Las Vegas,NV,î‚°(702) 255-2330
http://www.shermancpas.com/,Results,"îƒˆ3210 W Charleston Blvd Suite 1, Las Vegas, NV 89102",Las Vegas,NV,î‚°(702) 645-6318
http://www.centennialhillscpa.com/,Results,"îƒˆ7251 W Lake Mead Blvd #300, Las Vegas, NV 89128",Las Vegas,NV,î‚°(702) 462-7277
http://www.michaeljohnsoncpa.com/,Results,"îƒˆ5542 S Fort Apache Rd Suite #120, Las Vegas, NV 89148",Las Vegas,NV,î‚°(702) 675-3524
http://www.swanandgardiner.com/,Results,"îƒˆ9005 W Sahara Ave, Las Vegas, NV 89117",Las Vegas,NV,î‚°(702) 869-9700
http://kondlercpa.com/,Results,"îƒˆ8475 W Sunset Rd Unit 201, Las Vegas, NV 89113",Las Vegas,NV,î‚°(702) 433-7075
http://www.ascendcpas.com/,Results,"îƒˆ5215 S Durango Dr #3, Las Vegas, NV 89113",Las Vegas,NV,î‚°(702) 822-1777
http://www.lltcpa.com/,Results,"îƒˆ7674 W Lake Mead Blvd Suite 247, Las Vegas, NV 89128",Las Vegas,NV,î‚°(702) 384-1995
https://www.coffeyandrader.com/,Results,"îƒˆ8337 W Sunset Rd Ste 100, Las Vegas, NV 89113",Las Vegas,NV,î‚°(702) 876-8900
http://bardier-adams.com/,Results,"îƒˆ4974 S Rainbow Blvd #130, Las Vegas, NV 89118",Las Vegas,NV,î‚°(702) 220-4073
http://www.katherineleicpa.com/,Results,"îƒˆ10845 Griffith Peak Dr Ste No.200, Las Vegas, NV 89135",Las Vegas,NV,î‚°(702) 690-2958
https://www.tpcpas.com/las-vegas-nevada-cpa-firm.php,Results,"îƒˆ1880 E Warm Springs Rd Suite 115, Las Vegas, NV 89119",Las Vegas,NV,î‚°(702) 456-4272
https://unique-accounting.com/,Results,"îƒˆ3824 S Jones Blvd Suite B, Las Vegas, NV 89103",Las Vegas,NV,î‚°(702) 202-0272
https://www.cpaarchitects.com/,Results,"îƒˆ2534 Anthem Village Dr Ste 110, Henderson, NV 89052",Henderson,NV,î‚°(702) 263-2100
http://rws.cpa/,Results,"îƒˆ10845 Griffith Peak Dr Ste 200, Las Vegas, NV 89135",Las Vegas,NV,î‚°(702) 553-4311
http://www.customcpa.com/,Results,"îƒˆ9179 W Flamingo Rd Suit 110, Las Vegas, NV 89147",Las Vegas,NV,î‚°(702) 534-7878
http://www.mkgcpas.com/,Results,"îƒˆ163 E Warm Springs Rd, Las Vegas, NV 89119",Las Vegas,NV,î‚°(702) 898-9000
http://www.accountant-lasvegas.com/,Results,"îƒˆ2620 Regatta Dr Suite #102, Las Vegas, NV 89128",Las Vegas,NV,î‚°(702) 240-5237
https://obcpa.tax/,Results,"îƒˆ3900 S Hualapai Wy #107, Las Vegas, NV 89147",Las Vegas,NV,î‚°(702) 529-4208
https://paramount.tax/las-vegas?location=lasvegascentral,Results,"îƒˆ8170 W Sahara Ave Suite 200-201, Las Vegas, NV 89117",Las Vegas,NV,î‚°(702) 983-0115
https://bpm.com/,Results,"îƒˆ3065 S Jones Blvd # 100, Las Vegas, NV 89146",Las Vegas,NV,î‚°(702) 870-7999
https://ratiocpa.com/,Results,"îƒˆ410 S Rampart Blvd #390, Las Vegas, NV 89145",Las Vegas,NV,î‚°(800) 366-2760
https://www.danrandandassoc.com/?utm_source=GBP,Results,"îƒˆ8225 Thornbird Ct, Las Vegas, NV 89131",Las Vegas,NV,î‚°(702) 929-3446
https://www.bourquemclucas.com/,Results,"îƒˆ6543 S Las Vegas Blvd, Las Vegas, NV 89119",Las Vegas,NV,î‚°(702) 333-2560
http://www.kellytatecpa.com/,Results,"îƒˆ8876 Spanish Ridge Ave Ste 203, Las Vegas, NV 89148",Las Vegas,NV,î‚°(702) 754-1932
http://krcpa1.com/,Results,"îƒˆ7495 W Azure Dr, Las Vegas, NV 89130",Las Vegas,NV,î‚°(702) 898-1020
http://www.meservycpa.com/,Results,"îƒˆ601 E Charleston Blvd #101, Las Vegas, NV 89104",Las Vegas,NV,î‚°(702) 385-7080
https://paramount.tax/las-vegas?location=vegaswest,Results,"îƒˆ8430 W Lake Mead Blvd #100, Las Vegas, NV 89128",Las Vegas,NV,î‚°(702) 343-9257
http://www.leo-cpa.com/,Results,"îƒˆ1180 N Town Center Dr #100, Las Vegas, NV 89144",Las Vegas,NV,î‚°(702) 945-2777
https://aarchercpa.com/,Results,"îƒˆ8965 S Eastern Ave #190, Las Vegas, NV 89123",Las Vegas,NV,î‚°(702) 570-1181
http://www.wowcpa.com/,Results,"îƒˆ9030 W Cheyenne Ave #210, Las Vegas, NV 89129",Las Vegas,NV,î‚°(702) 829-1100
http://guardiancpa.com/,Results,"îƒˆ7930 W Sahara Ave, Las Vegas, NV 89117",Las Vegas,NV,î‚°(702) 646-0888
http://www.cai-cpa.com/,Results,"îƒˆ2915 Lake East Dr, Las Vegas, NV 89117",Las Vegas,NV,î‚°(702) 255-3222
http://danyhuynhcpa.com/contact.html,Results,"îƒˆ9550 S Eastern Ave Suite 236, Las Vegas, NV 89123",Las Vegas,NV,î‚°(702) 722-1868
https://lvacc.org/dt_team/james-yu/,Results,"îƒˆ2560 Montessouri St #250, Las Vegas, NV 89117",Las Vegas,NV,î‚°(702) 735-7878
https://www.hansen.cpa/,Results,"îƒˆ1180 N Town Center Dr Ste 100, Las Vegas, NV 89144",Las Vegas,NV,î‚°(702) 690-9921
https://www.cpaattorney.com/,Results,"îƒˆ10155 W Twain Ave, Las Vegas, NV 89147",Las Vegas,NV,î‚°(702) 852-2577
https://lasvegashoaaccounting.com/,Results,"îƒˆ400 S 4th St Ste 500, Las Vegas, NV 89101",Las Vegas,NV,î‚°(702) 820-0957
http://rnwcpas.com/,Results,"îƒˆ9230 W Sahara Ave, Las Vegas, NV 89117",Las Vegas,NV,î‚°(702) 733-2727
https://polstontax.com/accounting-bookkeeping-in-nevada/?utm_source=las-vegas&utm_medium=organic&utm_campaign=local,Results,"îƒˆ6671 S Las Vegas Blvd Bldg D, Suite 210, Las Vegas, NV 89119",Las Vegas,NV,î‚°(405) 703-9216
https://www.pullescpa.com/,Results,"îƒˆ6370 W Flamingo Rd Ste 14F, Las Vegas, NV 89103",Las Vegas,NV,î‚°(714) 300-4811
https://www.druckmancpa.com/,Results,"îƒˆ3686 E Sunset Rd #100, Las Vegas, NV 89120",Las Vegas,NV,î‚°(702) 214-4933
http://www.berkleycpa.com/,Results,"îƒˆ2984 E Russell Rd, Las Vegas, NV 89120",Las Vegas,NV,î‚°(702) 478-6888
http://shane-white-cpa.com/,Results,"îƒˆ8880 W Sunset Rd Ste 180, Las Vegas, NV 89148",Las Vegas,NV,î‚°(702) 979-0928
http://www.kimwalkercpa.com/,Results,"îƒˆ9670 W Tropicana Ave #105, Las Vegas, NV 89147",Las Vegas,NV,î‚°(702) 636-1031
https://millaassociates.com/,Results,"îƒˆ6655 W Sahara Ave D-102, Las Vegas, NV 89146",Las Vegas,NV,î‚°(702) 253-9833
https://kcpaltd.com/,Results,"îƒˆ9555 S Eastern Ave Unit 210, Las Vegas, NV 89123",Las Vegas,NV,î‚°(702) 629-1886
https://kyletinglecpa.com/,Results,"îƒˆ3175 E Warm Springs Rd #108, Las Vegas, NV 89120",Las Vegas,NV,î‚°(702) 450-2200
http://www.anchorcpalv.com/,Results,"îƒˆ6767 W Tropicana Ave #212, Las Vegas, NV 89103",Las Vegas,NV,î‚°(702) 296-9406
https://www.intentcpa.com/,Results,,Las Vegas,NV,î‚°(725) 696-9214
http://www.geretycpa.com/,Results,"îƒˆ6823 S Eastern Ave, Las Vegas, NV 89119",Las Vegas,NV,î‚°(702) 933-2213
http://www.skwcpanv.com/,Results,"îƒˆ6960 W Smoke Ranch Rd #190, Las Vegas, NV 89128",Las Vegas,NV,î‚°(702) 363-1971
https://www.cpalasvegas.cpa/,Results,"îƒˆ7391 W Charleston Blvd #110, Las Vegas, NV 89117",Las Vegas,NV,î‚°(702) 877-9077
http://berry-cpa.com/,Results,"îƒˆ7030 W Smoke Ranch Rd Ste 100, Las Vegas, NV 89128",Las Vegas,NV,î‚°(702) 515-0408
http://www.cctaxpro.com/,Results,"îƒˆ5589 S Rainbow Blvd #100, Las Vegas, NV 89118",Las Vegas,NV,î‚°(702) 318-8888
http://www.hallcpas.net/,Results,"îƒˆ6145 S Rainbow Blvd, Las Vegas, NV 89118",Las Vegas,NV,î‚°(702) 629-1886
https://www.theprofessionalmultiservices.com/,Results,"îƒˆ60 N 25th St. Eastern Ave. Suite #140, 60 N 25th St, Las Vegas, NV 89101",Las Vegas,NV,î‚°(702) 531-0330
https://www.marrsbergquist-cpa.com/,Results,"îƒˆ3615 S Town Center Dr #100, Las Vegas, NV 89135",Las Vegas,NV,î‚°(702) 579-2707
https://mountainwestaccounting.com/,Results,"îƒˆ3275 E Warm Springs Rd, Las Vegas, NV 89120",Las Vegas,NV,î‚°(702) 735-1163
http://www.rsgaccounting.com/,Results,"îƒˆ340 E Warm Springs Rd STE 110, Las Vegas, NV 89119",Las Vegas,NV,î‚°(702) 796-0052
https://www.klaccountingandtax.com/,Results,"îƒˆ1635 Village Center Cir Ste. 250, Las Vegas, NV 89134",Las Vegas,NV,
https://soniastaxservices.vegas/,Results,"îƒˆ2801 S Valley View Blvd Ste 6, Las Vegas, NV 89102",Las Vegas,NV,î‚°(702) 685-1111
https://jsjaccounting.com/,Results,"îƒˆ7495 W Azure Dr #241, Las Vegas, NV 89130",Las Vegas,NV,î‚°(773) 951-6613
https://valtaxlasvegas.com/,Results,"îƒˆ3376 S Eastern Ave Ste 188B, Las Vegas, NV 89169",Las Vegas,NV,î‚°(702) 609-4341
https://business.google.com/site/l/02582412353902715513?hl=en_US,Results,"îƒˆ1500 S Maryland Pkwy, Las Vegas, NV 89104",Las Vegas,NV,î‚°(702) 333-1273
https://monttitaxes.com/,Results,"îƒˆ2290 E Flamingo Rd # G, Las Vegas, NV 89119",Las Vegas,NV,î‚°(702) 606-5253
https://hhaccountingserviceslv.com/,Results,"îƒˆ4385 Cameron St Ste B, Las Vegas, NV 89103",Las Vegas,NV,î‚°(702) 576-1552
http://compasstaxes.com/,Results,"îƒˆ224 S Jones Blvd, Las Vegas, NV 89107",Las Vegas,NV,î‚°(702) 410-9000
https://www.irs.gov/affordable-care-act/individuals-and-families/the-premium-tax-credit-the-basics-0,Results,"îƒˆ730 N Eastern Ave #140, Las Vegas, NV 89101",Las Vegas,NV,î‚°(702) 386-0962
https://calendly.com/ynd_taxes,Results,"îƒˆ2619 W Charleston Blvd suite A, Las Vegas, NV 89102",Las Vegas,NV,î‚°(702) 600-8730
https://www.multitaxx.com/,Results,"îƒˆ1725 S Rainbow Blvd Suite 20, Las Vegas, NV 89146",Las Vegas,NV,î‚°(702) 337-6272
https://eliteamericantax.com/,Results,"îƒˆ2820 W Charleston Blvd B16, Las Vegas, NV 89102",Las Vegas,NV,î‚°(659) 901-1693
https://worldtaxcpa.com/locations/las-vegas-nv/,Results,"îƒˆ2300 W Sahara Ave #800, Las Vegas, NV 89102",Las Vegas,NV,î‚°(702) 800-0192
https://signaturetaxlasvegas.com/,Results,"îƒˆ2980 S Rainbow Blvd Ste 100M, Las Vegas, NV 89146",Las Vegas,NV,î‚°(702) 508-6772
http://www.financialgroove.com/,Results,"îƒˆ241 W Charleston Blvd #135, Las Vegas, NV 89102",Las Vegas,NV,î‚°(702) 966-0127
https://splinternetmarketing.com/local-pros/nevada/las-vegas/miss-tax-llc/,Results,"îƒˆ6747 Segura Dr, Las Vegas, NV 89103",Las Vegas,NV,î‚°(702) 292-2264
http://lvbs.pro/,Results,"îƒˆ5135 Camino Al Norte, North Las Vegas, NV 89031",North Las Vegas,NV,î‚°(775) 298-1082
http://www.nvamt.com/,Results,"îƒˆ8630 W Cheyenne Ave, Las Vegas, NV 89129",Las Vegas,NV,
http://www.taxplannersinc.com/,Results,"îƒˆ4314 W Cheyenne Ave, North Las Vegas, NV 89032",North Las Vegas,NV,î‚°(702) 734-7134
https://www.hayniecpas.com/las-vegas-nevada/?utm_source=GBPListing&utm_medium=organic&utm_campaign=WebsiteURL,Results,"îƒˆ6026 S Durango Dr, Las Vegas, NV 89113",Las Vegas,NV,î‚°(702) 242-3444
https://www.abacus-cpa.com/,Results,"îƒˆ1180 N Town Center Dr Ste 100, Las Vegas, NV 89144",Las Vegas,NV,î‚°(702) 919-0039
http://www.triplettcpafirmlv.com/,Results,"îƒˆ7473 W Lake Mead Blvd #100, Las Vegas, NV 89128",Las Vegas,NV,î‚°(702) 499-1239
http://www.chenaccountinggroup.com/,Results,"îƒˆ6280 Spring Mountain Rd, Las Vegas, NV 89146",Las Vegas,NV,î‚°(702) 252-8881
https://sjmeyer.org/,Results,"îƒˆ2660 S Rainbow Blvd # H108, Las Vegas, NV 89146",Las Vegas,NV,î‚°(702) 227-0117
http://fdncpa.com/,Results,"îƒˆ8906 Spanish Ridge Ave Ste 100, Las Vegas, NV 89148",Las Vegas,NV,î‚°(702) 878-4809
http://www.markdicuscpa.com/,Results,"îƒˆ777 N Rainbow Blvd #270, Las Vegas, NV 89107",Las Vegas,NV,î‚°(702) 953-4949
https://cpazhou.com/,Results,"îƒˆ6376 Spring Mountain Rd Ste 5, Las Vegas, NV 89146",Las Vegas,NV,î‚°(702) 292-1650
https://www.jwenterprisesllc.com/,Results,"îƒˆ7495 W Azure Dr Suite 234, Las Vegas, NV 89130",Las Vegas,NV,î‚°(702) 515-4025
http://brettcampbellcpa.com/,Results,"îƒˆ6077 S Fort Apache Rd #100, Las Vegas, NV 89148",Las Vegas,NV,î‚°(702) 256-5050
https://splinternetmarketing.com/local-pros/nv/las-vegas/ibex-taxation-bookkeeping-services/,Results,"îƒˆ5150 Spring Mountain Rd Suite #2 Second Floor, Las Vegas, NV 89146",Las Vegas,NV,î‚°(702) 499-6669
https://bwstax.com/,Results,"îƒˆ7945 W Sahara Ave # 203, Las Vegas, NV 89117",Las Vegas,NV,î‚°(702) 530-1618
http://www.boehmecpa.com/,Results,"îƒˆ5295 S Durango Dr, Las Vegas, NV 89113",Las Vegas,NV,î‚°(702) 871-9393
http://www.hilburn-lein.com/,Results,"îƒˆ5520 S Fort Apache Rd, Las Vegas, NV 89148",Las Vegas,NV,î‚°(702) 597-1945
https://www.taxadvantageous.com/,Results,"îƒˆ10308 Mountain Lodge Pl, Las Vegas, NV 89144",Las Vegas,NV,î‚°(702) 233-6310
https://www.facebook.com/TAKAMURASERVICES,Results,"îƒˆ1809 S Eastern Ave, Las Vegas, NV 89104",Las Vegas,NV,î‚°(702) 399-3700
http://www.p2cpa.com/,Results,"îƒˆ7936 W Sahara Ave, Las Vegas, NV 89117",Las Vegas,NV,î‚°(702) 233-9526
https://valerioinsuranceservices.com/,Results,"îƒˆ4583 W Desert Inn Rd, Las Vegas, NV 89102",Las Vegas,NV,î‚°(702) 220-8721
https://ivon.aztectaxsolutions.com/tax-planning,Results,"îƒˆ4855 W Desert Inn Rd #102 B, Las Vegas, NV 89102",Las Vegas,NV,î‚°(844) 593-2509
https://www.dianastax.com/,Results,"îƒˆ2204 E Charleston Blvd, Las Vegas, NV 89104",Las Vegas,NV,î‚°(702) 272-1111
http://www.iqtaxx.com/,Results,"îƒˆ6360 S Rainbow Blvd Ste 101, Las Vegas, NV 89118",Las Vegas,NV,î‚°(702) 871-7884
http://www.rossiestax.com/,Results,"îƒˆ4542 E Charleston Blvd, Las Vegas, NV 89104",Las Vegas,NV,î‚°(702) 531-1909
http://www.usataxesinsurance.com/,Results,"îƒˆ1775 E Tropicana Ave Ste 4, Las Vegas, NV 89119",Las Vegas,NV,î‚°(702) 426-3606
https://www.veronatax.com/,Results,"îƒˆ1830 E Sahara Ave 2nd floor ste 208, Las Vegas, NV 89104",Las Vegas,NV,î‚°(702) 800-4333
https://nationalitaxes.square.site/,Results,"îƒˆ4420 E Charleston Blvd Ste. 3, Las Vegas, NV 89104",Las Vegas,NV,î‚°(702) 560-8832
https://www.servicesbyamericandreamtax.com/,Results,"îƒˆ3430 E Flamingo Rd Ste 108, Las Vegas, NV 89121",Las Vegas,NV,î‚°(702) 758-2537
https://excellenceinternationaltax.com/,Results,"îƒˆ2055 Las Vegas Blvd N Ste 1, North Las Vegas, NV 89030",North Las Vegas,NV,î‚°(702) 758-0173
https://shintaxsolutions.com/,Results,"îƒˆ1050 E Flamingo Rd, Las Vegas, NV 89119",Las Vegas,NV,î‚°(702) 675-2813
https://mytaxreset.com/,Results,"îƒˆ2200 Highland Dr OFC 13, Las Vegas, NV 89102",Las Vegas,NV,î‚°(702) 609-8188
http://www.gotaxlasvegas.com/,Results,"îƒˆ1944 E Charleston Blvd, Las Vegas, NV 89104",Las Vegas,NV,î‚°(702) 383-0530
https://www.taxes-eliteservices.com/inicio,Results,"îƒˆ6135 W Sahara Ave STE 4, Las Vegas, NV 89146",Las Vegas,NV,î‚°(702) 750-4782
http://calendly.com/duniataxservices,Results,"îƒˆ3330 E Tropicana Ave Ste H, Las Vegas, NV 89121",Las Vegas,NV,î‚°(702) 748-0821
http://www.taxofficeforms.com/,Results,"îƒˆ416 S Jones Blvd, Las Vegas, NV 89107",Las Vegas,NV,î‚°(702) 259-1040
http://www.beastaxes.com/,Results,"îƒˆ6116 W Charleston Blvd, Las Vegas, NV 89146",Las Vegas,NV,î‚°(702) 870-7775
https://app.gohighlevel.com/v2/preview/sgEyNPEYGtyGGgSvEgWs?notrack=true,Results,"îƒˆ2320 E Bonanza Rd, Las Vegas, NV 89101",Las Vegas,NV,î‚°(702) 380-5000
https://bdtaxgroup.info/,Results,"îƒˆ2475 S Jones Blvd #9, Las Vegas, NV 89146",Las Vegas,NV,î‚°(702) 247-1373
http://www.mirtaxservices.com/,Results,"îƒˆ526 S 7th St, Las Vegas, NV 89101",Las Vegas,NV,î‚°(702) 408-0679
https://gmnationaltaxservices.com/,Results,"îƒˆ4375 Stewart Ave, Las Vegas, NV 89110",Las Vegas,NV,î‚°(702) 459-0408
https://iits.tax/,Results,"îƒˆ3230 S Buffalo Dr #105, Las Vegas, NV 89117",Las Vegas,NV,î‚°(702) 371-8869
http://transpacificmultiservice.com/?utm_source=gmb&utm_medium=referral,Results,"îƒˆ5440 W Sahara Ave #109, Las Vegas, NV 89146",Las Vegas,NV,î‚°(702) 944-9716
